GEOID10,NAME,2001,2002,2003,2004,2005,2006,2007,2008,2009,2010,2011,2012,2013,2014,2015,2016
470370111001,111.1,3.24,0,4.91,3.29,3.31,6.64,8.35,3.36,0,5.08,3.25,6.25,1.5,1.45,0,0
470370111002,111.2,5.22,4.34,3.51,3.42,3.32,5.82,6.3,3.69,4.19,2.34,1.13,3.27,2.64,2.04,1.98,0.96
470370111003,111.3,0,2.99,8.8,8.62,0,8.29,0,0,0,2.56,0,0,0,0,0,0
470370111004,111.4,0.8,2.4,6.4,4,3.2,5.6,1.6,1.6,2.4,0.8,1.54,0.75,5.05,4.2,2.71,0.66
470370111005,111.5,4.72,4.67,3.09,3.06,1.52,6.01,2.98,5.9,0,4.35,4.19,1.35,2.6,0,2.43,2.35
470370112001,112.1,6.37,3.26,7.81,3.43,4.7,2.41,2.48,5.1,7.87,4.05,2.6,3.75,0,3.49,1.12,0
470370112002,112.2,9.53,5.74,3.84,0,1.93,1.94,1.94,1.95,7.82,0,3.7,1.75,5,3.17,3.03,0
470370112003,112.3,5.88,4.55,4.52,8.33,8.28,5.7,3.14,3.13,7.45,6.79,5.98,5.21,3.37,1.64,3.18,2.58
470370112004,112.4,11.7,5.88,5.92,3.57,9.58,10.84,4.85,3.66,4.91,7.41,4.75,2.29,3.31,4.27,3.1,1
470370112005,112.5,2.89,5.75,6.66,6.62,10.33,10.26,6.49,5.52,8.23,5.45,2.71,1.8,7.14,6.21,8.82,2.63
470370112006,112.6,2.12,2.1,6.21,6.13,8.08,12.97,6.9,5.85,6.74,2.86,11.96,13.35,0.86,5.01,1.62,1.57
470370113001,113.1,9.37,12.82,5.8,9.24,9.2,5.72,3.42,9.07,6.77,7.87,3.28,5.34,11.46,8.14,5.96,4.85
470370113002,113.2,4.65,8.59,8.66,3.97,8,4.03,6.5,8.2,2.48,6.67,6.42,5.41,6.72,7.93,0.7,4.73
470370113003,113.3,9.7,8.15,7.12,8.29,10.03,9.55,5.67,9.71,7.49,5.81,3.4,10.52,6.49,6.34,5.16,4.04
470370113004,113.4,10.43,13.24,15.25,11.82,9.74,3.89,2.16,3.15,6.13,1,2.89,5.62,4.55,7.51,7.31,5.86
470370113005,113.5,6.58,8.08,7.94,11.45,10.74,9.56,2.97,5.84,4.31,6.13,7.14,10.58,5.63,6.52,2.93,1.05
470370113006,113.6,8.59,7.74,9.98,6.09,3.02,9.73,5.94,11.78,6.57,7.25,7.89,2.84,2.81,9.03,6.19,8.84
470370114001,114.1,7.67,7.16,5.88,7.73,6.48,6.39,4.82,4.02,6.13,7.47,8.88,5.58,3.48,4.26,2.94,2.84
470370114002,114.2,5.64,3.91,4.66,4.34,5.11,4.05,2.97,2.25,3.78,6.49,12.52,11.68,13.86,11.54,6.29,2.57
470370114003,114.3,9.72,6.99,8.65,9.42,9.32,6.71,6.64,8.22,3.26,4.03,4.68,5.29,5.86,7.11,3.45,2.01
470370114004,114.4,5.06,2.51,2.49,2.47,4.29,4.87,3.02,3,2.98,3.55,2.27,4.9,3.14,2.02,1.46,1.41
470370114005,114.5,6.2,1.63,7.42,3.02,12.78,25.14,23.21,27.22,21.79,18.18,26.43,41.88,39.83,35.48,8.63,25.95
470370115001,115.1,4.63,5.92,11.36,12.3,2.63,8.88,3.68,1.18,4.59,1.11,2.14,6.19,5.97,2.88,1.86,2.7
470370115002,115.2,3.67,2.7,5.29,6.05,5.94,9.16,2.45,0.8,1.58,3.88,0.74,2.86,4.12,0.66,3.19,1.85
470370115003,115.3,1.12,1.13,3.43,4.63,1.17,4.75,0,2.43,2.47,1.25,2.41,3.49,2.25,0,1.05,3.06
470370115004,115.4,2.35,3.48,5.72,2.25,10.01,16.46,8.66,5.34,9.5,0,4,3.85,4.63,6.25,1.72,0.83
470370116001,116.1,1.11,7.87,6.85,1.16,4.72,3.59,3.65,3.72,2.52,2.56,2.44,2.33,1.12,0,2.06,0.99
470370116002,116.2,4.91,4.9,5.71,7.33,5.69,1.62,4.05,2.43,9.69,5.65,6.98,1.49,2.88,2.08,2.01,0.65
470370116003,116.3,8.81,5.13,5.12,5.12,7.3,2.92,3.64,2.91,3.63,0,4.86,0,7.03,2.46,1.78,1.71
470370116004,116.4,7.38,3.68,0,5.47,7.27,7.25,5.42,0,1.79,5.36,1.69,0,1.54,2.94,1.41,2.7
470370116005,116.5,0,5.62,0,5.38,7.9,5.16,2.53,4.95,0,2.38,1.15,2.24,1.09,1.06,1.03,3
470370117001,117.1,10.8,6.24,3.94,1.59,8.87,4.89,0.83,0.83,3.38,0,1.65,4.77,1.54,0,0.72,1.4
470370117002,117.2,8.85,7.33,6.8,11.1,9.59,17.64,5.21,4.71,3.74,3.72,1.79,3.88,4.17,5.64,4.68,4.15
470370117003,117.3,5.96,4.74,4.41,4.57,4.74,2.73,0.57,1.18,1.23,1.29,1.23,1.18,0,0.54,1.04,1.5
470370117004,117.4,10.53,2.88,4.43,6.06,7.01,12.8,8.23,1.7,6.11,4.5,2.63,3.41,4.98,2.43,5.52,5.38
470370117005,117.5,8.74,3.18,4.78,7.19,8,15.22,7.22,2.41,4.83,4.84,6.06,1.43,6.08,12.18,15.85,14.53
470370117006,117.6,10.37,4.6,9.17,10.3,5.71,11.96,5.12,6.81,2.26,7.34,3.85,8.04,6.79,3.57,0.99,3.4
470370117007,117.7,6.12,6.83,5.67,3.2,7.15,5.94,6.71,5.45,6.93,9.86,8.47,7.27,6.8,2.66,1,0.95
470370118001,118.1,12.26,6.24,13.35,8.42,11.88,12.79,9.61,4.9,6.43,4.38,5.01,8.43,8.28,3.39,3.99,3.27
470370118002,118.2,4.56,10,3.89,12.6,11.95,15.32,3.27,7.44,3.35,9.32,4.1,5.56,5.38,2.24,2.17,4.93
470370118003,118.3,13.74,13.02,17.91,15.01,5.09,4.25,5.91,3.86,6.08,5.96,4.96,4.02,3.91,6.84,3.33,3.61
470370118004,118.4,1.32,1.85,2.94,2.08,0,2.97,3.19,2.07,2.26,8.26,8.24,4.11,3.28,11.44,4.08,4.88
470370119001,119.1,4.95,5.72,10.52,2.4,6.35,6.29,6.23,7.72,2.29,3.79,5.74,3.41,1.95,2.48,1.78,1.7
470370119002,119.2,9.47,8.15,6.87,6.19,11.91,4.36,0.54,0.53,1.3,5.38,4.79,1.74,5.13,3.13,4.73,4.2
470370119003,119.3,6.78,5.57,6.84,5.62,7.52,8.19,4.43,5.08,3.83,3.85,1.87,4.84,3.53,1.72,1.67,2.17
470370121001,121.1,5.14,4.46,2.26,3.05,0.77,3.91,1.59,0.8,0.81,0.83,0.79,0,2.21,0.71,1.37,0
470370121002,121.2,2.86,4.01,1.72,5.18,3.46,2.31,0,3.48,3.48,1.74,1.14,6.18,0.55,1.09,0.53,0.53
470370121003,121.3,4.33,4.31,4.29,0,8.51,10.59,4.22,2.1,2.09,2.08,0,1.92,0,1.79,1.72,3.33
470370122001,122.1,5.54,10.51,7.44,7.47,5.63,5.65,4.41,4.42,0,4.46,2.44,1.76,0.56,1.09,2.1,0
470370122002,122.2,5.65,3.8,4.78,1.93,5.83,5.87,1.97,0.99,5.01,0,3.87,1.86,1.79,2.58,1.66,0.8
470370122003,122.3,10.4,15.02,9.86,8.44,10.08,6.27,4.75,1.6,1.62,0.82,3.12,2.23,0.71,2.73,0.65,1.26
470370126001,126.1,16.26,9.88,15.72,13.57,13.67,14.77,5.44,6.72,10.03,7.94,13.08,12.79,11.66,9.13,6.3,9.16
470370130001,130.1,0,25,25,0,100,25,25,0,50,0,0,0,25,0,0,0
470370131001,131.1,3.85,7.41,3.57,0,0,3.23,3.13,0,1.47,1.43,0,3.95,1.27,0,0,2.27
470370131002,131.2,1.61,1.55,0,4.34,1.4,1.36,0,0,3.72,3.61,2.24,3.14,4.9,0,0,1.65
470370133001,133.1,1.93,5.69,0.93,2.76,4.52,4.46,3.51,2.6,3.41,3.36,4.14,1.63,5.62,3.96,0.78,0.77
470370133002,133.2,10.64,6.88,8.95,8.9,7.29,4.15,1.55,3.59,6.12,6.09,5.93,5.77,10.3,3.65,3.12,2.17
470370133003,133.3,4.02,3.98,4.38,3.91,5.16,5.54,2.53,2.93,2.49,3.29,3.13,2.97,2.84,2.71,1.62,0.31
470370133004,133.4,7.85,12.17,11.14,11.24,14.85,21.75,11.87,11.09,15.74,22.94,26.13,29.5,23.19,14.81,10.36,5.23
470370134001,134.1,2.76,1.57,2.33,0.77,1.53,1.14,1.13,1.12,0,0.74,1.42,0.68,0.33,0.32,0,0.3
470370134002,134.2,0.57,2.82,2.24,0,3.3,1.63,0.54,0,1.06,0,0.51,0,1.44,0,0,0.88
470370134003,134.3,2.44,2.85,0.81,2.85,1.22,0,1.22,0.41,0.81,0,0,0.38,0,0.7,0.67,0.33
470370135001,135.1,3.44,2.68,3.08,2.71,8.16,2.34,2.74,1.57,2.77,3.17,3.11,3.81,2.62,2.93,1.44,3.53
470370135002,135.2,7.28,4.04,5.36,6.76,5.72,3.29,1.7,2.47,2.57,2.29,3.3,5.66,4.1,2.64,2.55,2.16
470370137001,137.1,2.47,2.86,6.66,4.99,4.23,4.65,3.78,2.59,1.71,2.71,2.3,3.47,2.9,2.17,3.61,3.38
470370137002,137.2,9.47,6.94,6.79,4.98,8.13,7.43,6.76,7.65,6.5,6.86,4.8,8.48,4.62,10.88,8.45,10.48
470370137003,137.3,8.66,6.3,8.23,10.56,11.16,13.71,8.86,7.1,6.62,3.6,3.61,19.9,11.62,13.11,8.4,5.49
470370137004,137.4,9.44,7.56,10.07,9.18,10.63,12.56,6.24,10.57,9,8.02,6.74,5.97,8.43,7.65,11.56,10.78
470370137005,137.5,11.23,9.52,8.58,10.26,12.46,9.09,8.85,6.9,3.92,7.65,11.23,7.33,10.77,5.03,10.34,5.31
470370138001,138.1,4.54,5.1,5.66,6.76,8.92,6.36,5.36,3.79,5.47,8.29,7.1,12.41,10.13,11.07,7.82,4.12
470370138002,138.2,5.04,7.05,8.98,10.16,7.97,9.78,7.04,5.65,4.32,3.64,5.93,4.07,6.27,3.35,2.19,3.76
470370139001,139.1,8.35,8.65,9.42,7.71,7.56,7.64,6.32,8.05,6.7,7.02,8.68,8.64,11.92,8.15,6.46,6.49
470370142001,142.1,8.86,5.82,9.19,9.91,8.66,9.92,5.98,9.4,7.16,3.14,6.16,7.82,10.4,7.54,8.6,13.38
470370142002,142.2,4.57,4.28,5.07,5.32,5.84,5.55,7.64,1.58,3.93,7.31,4.18,4.7,10.2,4.97,3.66,4.45
470370143001,143.1,4.66,8.19,7.05,5.9,4.74,7.14,6.58,4.81,7.24,7.27,6.46,5.12,5.52,6.44,6.26,7.61
470370143002,143.2,8.08,11.87,4.71,9.15,9.83,8.29,5.77,8.38,10.04,5.54,4.77,5.9,6.98,5.34,4.06,8.81
470370144001,144.1,7.2,4.92,8.02,11.15,9.47,1.53,1.6,1.4,8.59,7.52,3.73,6.47,3.97,7.27,5.7,3.57
470370144002,144.2,5.25,6.98,5.8,2.89,4.03,4.6,2.87,4,0.57,1.14,0,2.89,3.13,0.42,2.74,4.06
470370148001,148.1,5.97,3.66,3.12,5.75,7.19,11.38,2.74,14.06,11.54,17.78,10.87,19.15,13.19,16.33,22,15.03
470370148002,148.2,4.18,3.95,5.21,10.71,8.01,5.28,6.57,7.87,4.34,6.15,4.46,3.36,5.57,6.31,10.27,7.86
470370148003,148.3,10.98,13.24,8.09,12.79,12,12.32,7.23,10.93,7.12,9.49,9.64,13.65,14.66,14.08,9.53,13.41
470370151001,151.1,5.08,3.77,1.24,1.23,2.44,3.62,0,3.55,1.17,1.16,3.34,5.34,3.08,0,0,3.67
470370151002,151.2,1.82,0,1.82,6.36,4.55,0,4.55,6.36,5.45,1.82,1.76,2.55,0.82,0,1.55,2.26
470370151003,151.3,5.64,5.61,5.57,4.42,4.4,10.92,4.34,8.62,8.57,4.26,5.08,9.74,4.67,3.59,3.46,2.5
470370151004,151.4,4.23,7.14,3.51,7.77,4.53,5.58,3.57,7.84,3.73,3.41,1.01,2.2,2.6,2.52,0.67,1.51
470370152001,152.1,1.22,2.41,4.17,6.49,2.92,2.88,2.28,3.95,2.79,2.21,1.07,1.04,2.53,2.45,3.34,0.93
470370152002,152.2,0,4.18,4.13,7.13,3.02,4.96,1.96,3.87,1.91,1.89,0.9,4.31,1.65,0.79,1.53,0
470370153001,153.1,0,0,2.69,0,0,2.6,0,5.1,2.53,5,2.36,2.24,2.13,0,1.94,0
470370153002,153.2,0,3.19,3.83,1.74,0.8,5.88,2.05,3.82,3.58,2.25,0.54,2.07,0.5,0.96,0.46,0.44
470370153003,153.3,2.99,3.03,3.06,5.41,4.69,3.16,3.99,2.42,3.27,1.65,3.96,3.04,5.11,2.81,1.35,2.61
470370153004,153.4,1.44,2.85,4.23,4.2,6.94,12.39,5.46,4.06,6.72,0,2.55,9.76,7.02,5.62,1.08,3.13
470370157001,157.1,5.26,3.26,4.53,6.42,3.18,6.95,2.51,4.98,4.33,3.07,3.01,7.09,5.8,4.55,1.12,2.75
470370159001,159.1,2.55,3.61,1.8,2.09,2.63,2.96,2.29,1.84,2.18,1.69,1.99,2.74,3.06,3.09,2.68,6.33
470370159002,159.2,3.93,2.77,2.19,3.79,3.74,4.23,2.61,4.65,3.06,3.54,2.93,4.74,5.52,4.02,2.6,6.33
470370160001,160.1,11.61,10.24,7.18,8.99,13.95,11.47,6.04,11.62,11.89,12.55,11.33,9.86,9.51,6.89,8.56,4.91
470370161001,161.1,6.06,2.16,5.31,4.69,2.05,2.01,2.96,1.46,4.3,1.88,2.25,4.31,2.07,2.79,1.15,1.11
470370161002,161.2,9.28,6.81,9.29,5.81,8.17,11.21,5.05,6.2,4.28,5.39,1.94,4.1,3.82,5.21,3.76,5.36
470370162001,162.1,1.97,3.99,0.81,5.33,5.82,7.59,5.13,6.07,4.84,3.57,6.64,3.95,3.91,0.86,2.14,2.54
470370162002,162.2,15.12,8.34,12.16,15.71,21.74,13.02,12.58,12.17,15.63,23.54,15.18,32.25,16.82,11.96,15.09,17.49
470370162003,162.3,9.9,2.66,0.63,3.55,2.81,2.14,0.51,2.43,2.33,1.34,3.42,1.64,0,0.76,0.36,0.35
470370162004,162.4,4.11,1.4,4.98,3.27,6.67,4.91,1.54,2.76,6.04,3.7,8.91,3.19,3.93,2.71,3.05,4.14
470370163001,163.1,6.32,3.95,5.56,6.01,3.76,1.59,2.08,4.62,3.54,1.49,2.36,2.69,0.85,0,0.78,0
470370163002,163.2,7.22,6.76,9.25,9.62,11.64,11.58,15.22,11.46,16.28,6.88,8.03,16.31,13.41,10.17,12.02,12.69
470370163003,163.3,4.23,2.67,2.7,2.73,8.84,3.91,1.69,4,1.73,2.92,1.68,4.31,2.59,6.99,2.89,1.4
470370164001,164.1,1.03,0.69,2.43,0.7,0,1.07,0,0.36,0.73,0.37,0.35,0,0.67,0.65,0,0
470370164002,164.2,0.48,0.82,0,0.67,0.17,0.69,0.7,0.53,0.36,0.91,0.72,0.54,0.35,0,0.35,0.52
470370165001,165.1,1.89,0.48,1.93,0.98,1.98,2.51,0,3.08,0,5.26,0.46,1.64,0.37,1.69,1.55,1.43
470370165002,165.2,0,0.8,0,0,1.28,1.6,0,0,0,0,0,100,0,0,0,0
470370165003,165.3,0,12.5,0,0,0,0,0,0,0,0,0,0,0,100,0,0
470370165004,165.4,1.59,1.79,4.08,2.38,2.86,3.57,4.76,0,0,200,100,0,0,0,0,0
470370166001,166.1,1.86,1.34,1.75,1.48,1.9,1.64,1.23,0.41,0.42,1.67,0.92,0.88,0.59,0.79,0.65,0.31
470370166002,166.2,3.82,2.35,3.05,1.54,1.9,4.19,2.12,2.85,2.7,3.1,2.99,3.07,1.82,1.92,1.24,2.11
470370167001,167.1,0.17,0.51,0.67,0.49,0,1.1,0,0,0,0.58,0.28,0.69,0,0.13,0.51,0.13
470370167002,167.2,0.46,1.82,0.9,1.78,0.88,1.75,0.86,0.43,0,0.42,1.62,0.39,0.38,1.1,0,0.69
470370167003,167.3,1.88,0.95,1.92,0,1.96,0,1,1.01,3.06,1.03,0,0,0.9,0,0,0
470370167004,167.4,1.1,0.55,2.22,1.67,2.24,2.25,0.57,0,0,0,1.12,0.54,0.53,0,0,0
470370168001,168.1,0.46,0.78,0.62,0.47,1.42,0.48,0.8,0.48,0.32,0.49,0.48,0.32,0.63,0.15,0.31,0.6
470370168002,168.2,0.2,0.2,1.01,0.81,1,1.19,0.99,0,0.2,0.58,0.19,0.19,0.55,0.18,0.35,0.52
470370168003,168.3,3.75,2.02,1.17,0.38,0.74,0.36,1.04,0.68,0.33,0.32,0.95,0.62,0.31,0.3,0,0.88
470370168004,168.4,3.36,1.17,2.45,1.93,2.03,0.71,0.75,0.8,0,0,0.86,1.64,0,0,0,0
470370169001,169.1,2.01,1.03,1.58,2.15,0,1.13,0.58,1.19,0,0.63,1.19,0,1.09,0.52,0,0
470370169002,169.2,2.24,1.68,1.68,0.56,1.12,0,1.13,0.56,0.56,1.13,0,0,0,0,0,0.49
470370169003,169.3,2.59,1.11,0.74,1.85,1.48,0,0,0.74,0.37,0.37,0,0.73,0.72,0.35,0,0.69
470370169004,169.4,0.39,0.39,0.77,1.91,0.38,0,0.75,0.38,0,0,0,0,0,0,0,0
470370169005,169.5,1.06,1.62,2.76,0,2.3,0,0,0,0,0,0,0,0,0,0.52,0
470370170001,170.1,6.33,4.3,3.29,3.69,0.45,1.34,0.44,0.43,0.42,0,0.8,0,0.75,0,1.05,0
470370170002,170.2,2.12,5.34,2.15,4.32,0,2.19,1.1,1.11,2.23,0,0,0,0,0.96,0.92,1.79
470370170003,170.3,1.96,1.7,0,0.96,0.72,0.48,0,0.24,0.24,0.47,0.23,0.45,1.12,0.44,0,0.43
470370171001,171.1,9.49,6.02,4.85,8.73,9.03,9.38,1.73,0,2.2,0.85,2.31,4.25,1.31,0.61,0.57,1.06
470370171002,171.2,3.28,4.59,1.81,3.83,2.7,2.16,0,1.65,0,0,0,0.79,0.72,0.66,0,1.72
470370171003,171.3,7.85,1.15,12.92,3.61,2.47,1.26,0,0,0,1.41,5.17,1.2,1.11,2.08,0,0
470370172001,172.1,1.24,3.76,3.82,1.29,0.66,2,1.35,0.69,1.4,0.71,0,0,0,2.56,0.62,1.22
470370172002,172.2,7.1,5.89,1.33,5.38,3.41,4.16,4.22,5.71,5.07,2.94,3.56,3.46,2.01,1.96,1.27,2.47
470370173001,173.1,2.28,4.96,1.78,4.83,4.34,3.86,3.39,4.18,3.72,0.82,5.12,4.57,0.74,1.43,2.42,1.34
470370173002,173.2,4.44,4.37,5.17,5.09,5.86,5.78,3.25,0.8,6.33,1.56,3.06,3,2.21,3.61,2.83,4.86
470370173003,173.3,4.19,2.46,7.25,4.74,5.43,6.09,3.74,3.67,2.89,0.71,5.53,2.02,3.95,1.28,4.39,3.68
470370175001,175.1,3.22,2.84,3.91,1.52,2.61,5.41,3.92,4.07,3.63,1.89,2.45,3.58,6.4,1.13,0.55,1.62
470370175002,175.2,3,2.98,0.98,0.98,1.61,2.24,1.59,0,0.31,1.55,0.91,1.19,2.33,1.14,0.56,1.37
470370175003,175.3,7.59,4.39,5.6,5.56,5.52,5.48,5.44,3.6,3.58,3.55,3.48,5.13,3.36,3.85,1.62,1.6
470370178001,178.1,1,0.5,2,0.5,0.99,1.49,0.49,0,0.98,0.98,0.94,0,0.44,0,0.83,0
470370178002,178.2,0.34,2.36,2.03,1.02,0.68,1.36,0.34,0.68,0.34,0.34,0,0.62,2.39,0.57,0,0.27
470370178003,178.3,0,0,2.03,2.04,1.03,1.03,0.52,1.04,0,0.53,1.03,0.5,0.48,0.47,0,0
470370178004,178.4,2.4,0.47,0,0.46,1.36,0,0,1.31,0,0.43,0,1.14,0,0,0,0
470370178005,178.5,1.18,0,0.6,1.21,0.31,0.31,0,0.63,0.96,0,0,0,0,0,0,0.26
470370180001,180.1,0,0,1.21,0,0.6,3.56,0,0,0,0,0,0,0,0,0,0.56
470370180002,180.2,0,0,0,0,0,0,0,6.02,0,0,0,0,5.13,0,0,0
470370180003,180.3,0,0,0,0,0,3.18,0,0,1.65,0,0,0,0,0,1.3,1.25
470370180004,180.4,0.21,1.06,0.87,0.89,0.69,0.7,0.48,0.25,0,0.26,0.76,0,0.71,0,0.45,0.87
470370180005,180.5,0.94,0,1.49,1.53,2.1,0,0.56,0,0,0,0,1.17,0.57,1.11,0,0
470370185001,185.1,0,0,0,0,0,0,0,0,0,6.25,0,0,0,0,0,0
470370185002,185.2,3.53,0,0,0,0,0,0,8.55,4.41,0,0,8.11,3.85,0,0,0
470370185003,185.3,0,0,0,0,0,0,7.09,0,0,6.67,0,0,0,0,0,0
470370185004,185.4,1.18,0,0,1.26,0,1.31,0,1.37,0,1.43,4.09,1.3,0,0,0,1.11
470370185005,185.5,0,0,0,0,2.68,2.7,0,0,1.36,1.37,0,1.27,2.45,1.19,0,0
470370185006,185.6,0,4.13,4.12,0,0,0,0,8.06,4.02,0,0,0,3.39,6.45,0,0
470370187001,187.1,3.55,0,1.76,1.75,0,1.73,0,0,0,0,0,0,1.48,0,0,1.32
470370187002,187.2,0,0,0,3.82,0,3.73,0,7.3,0,0,0,0,0,0,0,0
470370187003,187.3,0,0,0,0,0,0,0,5,4.65,0,4.03,7.5,0,0,0,0
470370192001,192.1,4.13,4.12,4.62,2.56,3.06,4.58,1.52,1.01,2.02,2.51,3.43,1.92,1.41,1.83,1.34,2.63
470370192002,192.2,12.86,5.8,6.48,4.98,5.68,4.08,4.2,1.85,3.17,1.96,2.5,0,0,2.22,2.67,1.03
470370192003,192.3,8.98,4.48,7.94,11.39,8.4,3.94,2.95,5.88,3.91,3.41,1.9,4.61,4.04,3.49,1.28,1.24
470370192004,192.4,7.71,6.05,7.61,7.97,7.52,8.27,5.09,7.39,8.9,8.08,11.73,15.26,10.99,8.29,7.1,5.59
470370193001,193.1,4.14,3.95,9.03,5.1,8.24,4.7,4.73,2.94,3.87,2.75,2.53,3.47,2.56,2.33,1.64,2.12
470370193002,193.2,21.04,19.99,13.37,23.87,19.02,24.15,17.17,26.43,22.81,22.16,9.17,10.07,12.94,9.34,12.64,13.46
470370193003,193.3,14.07,9.39,13.92,13.59,13.6,17.3,15.97,13.12,13.97,14.31,9.99,10.22,9.25,9.3,10.22,12.37
470370194001,194.1,9.27,9.46,12.21,11.44,10.63,3.81,2.78,3.42,2.92,2.99,0,3.8,3.11,0.99,1.9,0.46
470370194002,194.2,6.49,4.63,5.12,5.6,4.4,4.87,3.73,3.93,3.87,4.57,4.31,4.1,3.36,3.09,2.7,1.92
470370194003,194.3,7.51,3.92,6.11,8.67,8.95,7.3,5.91,4.36,5.71,6.22,3.17,6.05,6.16,6.27,3.18,4.81
470370195001,195.1,4.63,7.02,3.09,4.78,3.48,1.69,1.09,2.65,4.13,1.01,0.43,2.65,1.69,2.13,1.38,2.03
470370195002,195.2,6.16,2.23,2.27,2.57,1.4,1.72,1.99,0.92,1.38,1.13,1.02,0.92,0.36,0.66,1.33,0.48
470370195003,195.3,1.26,2.07,2.25,2.82,2.19,2.95,1.55,1.34,0.19,0.56,0.72,2.09,1.18,1.3,0.32,1.23
470370195004,195.4,7.11,4.23,6.4,5.95,1.55,2.9,2.46,5.17,3.68,3.03,2.55,2.07,2.52,1.59,2.27,1.58
470370196001,196.1,3.89,0.73,1.94,3.86,7.71,5.53,4.08,2.64,6.22,13.37,11.85,8.14,10.36,5.59,3.36,4.1
470370196002,196.2,3.77,5.14,4.95,5.46,6.13,5.95,2.71,2.71,4.39,4.89,2.61,7.12,6.75,5.81,2.32,3.1
470379801001,9801.1,200,200,200,0,100,200,100,0,200,100,0,100,100,0,200,0
470379802001,9802.1,107.87,242.72,0,323.62,194.17,970.87,0,0,0,0,100,0,0,100,0,0
470370101031,101.03.1,0,7.73,0,4.59,4.35,0,5.91,3.76,0,1.72,3.3,4.74,3.03,1.46,0,0
470370101032,101.03.2,1.46,0,1.37,2.66,1.29,6.27,3.65,4.74,2.31,5.62,6.42,4.08,0.98,0.93,1.79,0.86
470370101041,101.04.1,4.18,5.63,3.1,2.99,4.33,3.49,2.03,4.59,3.81,2.47,5.35,3.44,1.66,0.54,6.22,0.5
470370101042,101.04.2,1.29,2.55,6.32,1.25,8.7,1.23,1.22,2.42,4.8,7.14,1.12,5.32,3.03,2.88,1.83,1.75
470370101051,101.05.1,1.98,3.92,0,0,13.33,5.66,3.74,7.41,14.68,7.27,10.37,8.24,12.6,4.52,11.57,8.33
470370101052,101.05.2,5.09,2.03,9.1,7.06,7.04,5.01,3,7.97,4.97,3.96,6.57,6.25,5.96,3.25,6.23,5.97
470370101053,101.05.3,9.52,8.82,10.96,12.82,7.23,4.55,4.3,0,7.77,9.26,1.79,6.94,6.72,6.52,11.08,6.15
470370101054,101.05.4,9.66,4.46,4.15,7.75,10.91,3.42,0,3.07,0,5.56,0,0,7.23,2.31,8.86,4.26
470370101061,101.06.1,2.4,5.9,8.12,5.71,5.62,3.32,5.45,5.36,4.23,7.29,3.97,5.68,10.86,3.47,4.99,5.6
470370101062,101.06.2,3.33,4.6,5.67,5.28,6.18,6.97,10.95,8.28,8.84,6.54,9.97,8.8,7.69,9.97,4.04,8.66
470370102011,102.01.1,6.02,6.98,13.48,17.39,11.58,14.29,3.96,5.77,10.28,7.27,11.27,16.57,13.49,9.14,13.9,10.56
470370102012,102.01.2,11.45,11.36,7.52,7.46,3.7,18.38,3.65,3.62,10.79,3.57,3.43,16.48,3.17,3.06,0,8.57
470370102013,102.01.3,2.97,2.94,2.9,4.79,9.01,5.63,2.32,6.89,5.46,5.86,4.82,7.68,5.41,4.05,4.75,3.47
470370102021,102.02.1,4.79,6.33,7.84,1.55,1.54,0,1.51,0,4.45,4.41,4.26,0,2.65,1.28,3.73,2.41
470370102022,102.02.2,4.9,3.15,7.59,1.47,5.68,8.24,2.66,0,2.51,3.66,3.49,2.22,3.19,4.08,0,1.89
470370102023,102.02.3,7.69,1.92,1.92,5.77,3.85,1.92,3.85,5.77,0,1.92,3.65,10.4,0,0,0,0
470370103011,103.01.1,1.52,0.76,1.54,3.11,9.41,7.12,3.19,3.22,9.75,9.84,3.95,6.85,8.82,7.11,2.06,5.33
470370103012,103.01.2,2.36,2.27,4.05,6.59,8.09,7.25,4.85,5.48,7.33,8.58,6.35,8.14,6.53,5.66,5.47,2.54
470370103021,103.02.1,6.25,2.67,3.1,2.65,3.52,6.13,1.74,3.91,4.76,2.59,6.71,6.95,8.76,6.22,7.96,1.85
470370103022,103.02.2,3.33,8.03,7.4,5.74,5.43,9.9,5.15,7.93,9.71,10.8,9.89,11.01,4.25,3.84,1.88,0.92
470370103031,103.03.1,12.23,5.86,3.76,1.6,3.02,2.85,4.06,3.6,4.41,4.44,6.94,6.19,4.09,5.4,5.12,6.84
470370103032,103.03.2,3.26,4.8,3.19,4.13,6.51,4.14,2.96,3.46,3.14,2.3,3.23,3.5,2.41,2.06,2.03,1.4
470370103033,103.03.3,5.11,4.97,3.22,4.7,4.58,5.95,7.26,5.67,2.77,5.41,6.51,1.26,2.42,3.52,1.13,2.2
470370104011,104.01.1,6.24,6.91,7.31,7.57,6.46,6.2,5.75,3.14,2.85,1.31,4.34,2.28,4.44,1.99,1.94,1.89
470370104012,104.01.2,6.07,8.03,7.11,5.2,11.13,11.2,5.3,7.67,13.76,12.16,13.69,16.17,9.79,9.35,8.61,10.41
470370104013,104.01.3,8.87,7.43,10.45,13.51,9.81,9.86,6.1,13.04,7.71,11.63,11.91,12.89,12.41,11.31,7.71,8.07
470370104021,104.02.1,5.58,8.76,9.15,6.36,7.82,11.42,10.4,6.12,8.32,6.18,8.53,10.42,8.49,6.98,8.46,10.51
470370104022,104.02.2,10.95,17.16,14.01,10.98,16.83,13.87,5.83,8.27,10.62,12.88,14.39,14.65,24.07,15.7,7.14,6.45
470370104023,104.02.3,3.1,5.07,5.05,6.55,4.78,7.36,4.09,7.5,7.25,7.64,8.7,6.58,8.28,7.43,5.73,5.52
470370104024,104.02.4,8.46,2.58,6.38,6.94,10,7.43,8.58,11.53,6.61,8.93,7.85,6.89,7.54,3.34,2.73,3.04
470370104025,104.02.5,3.17,2.55,3.19,3.04,5.79,7.26,5.5,3.9,4.89,4.08,7.75,5.9,7.87,2.8,4.61,3.04
470370105011,105.01.1,9.01,9.28,4.78,8.62,13.99,10.51,4.08,8.44,11.67,7.58,2.86,5.43,11.61,9.84,3.52,4.49
470370105012,105.01.2,3.56,2.92,3.46,2.56,3.08,4.42,3.55,2.96,2.66,4.46,2.89,3.34,3.52,2.32,2.36,1.19
470370105013,105.01.3,7.1,5.06,7.06,5.03,4.01,12.01,0,5.97,5.96,4.95,3.83,6.5,5.41,0,3.4,0.83
470370105014,105.01.4,8.12,5.66,5.52,1.08,4.21,5.14,3.02,3.94,1.93,3.77,3.63,5.25,4.22,4.08,3.94,1.53
470370105015,105.01.5,4.41,4.19,5.99,1.9,1.82,3.49,6.69,6.43,1.55,4.48,1.41,4.02,1.27,3.64,2.32,2.22
470370105016,105.01.6,9.51,2.26,8.64,2.07,7.92,3.8,10.97,5.28,18.68,8.2,1.55,5.88,5.59,2.67,1.27,3.66
470370105021,105.02.1,12.2,6.28,6.17,9.92,7.59,8.53,5.24,5.68,4.06,6,3.9,3.8,3.25,4.08,3.54,2.6
470370105022,105.02.2,3.13,3.18,4.3,4.36,2.21,10.09,1.14,5.77,8.21,4.76,2.28,8.76,6.32,4.05,0,3.77
470370105023,105.02.3,3.51,5.08,9.82,2.38,3.07,5.95,2.16,4.2,2.72,3.31,3.79,6.65,2.32,1.67,4.28,5.15
470370106011,106.01.1,6.22,6,5.98,6.95,6.33,4.73,2.75,2.15,4.87,4.47,1.31,5.27,2.64,3.59,4.81,4.19
470370106012,106.01.2,2.82,0,2.74,4.05,6.67,3.95,5.19,5.13,10.13,2.5,8.35,2.28,6.56,5.24,5.04,2.91
470370106013,106.01.3,6.54,11.16,9.15,4.69,2.41,7.43,2.54,10.47,2.7,16.67,13.04,29.51,11.63,15.44,2.1,4
470370106021,106.02.1,13.79,14.12,9.19,7.82,17.24,16.25,11.46,16.85,11.29,12.86,10.98,17.42,8.71,6.61,4.21,3.69
470370106022,106.02.2,4.78,6.93,8.95,7.05,5.26,9.72,0.99,4.84,3.77,5.05,6.35,4.04,7.1,5.7,4.77,3
470370107011,107.01.1,7.75,7.38,11.81,6.66,8.83,7.21,6.86,9.31,7.4,7.06,8.97,7,8.83,6.4,5.17,5.59
470370107012,107.01.2,6.82,8.33,11.97,5.19,8.51,8.17,9.03,8.39,8.94,8.61,13.33,13.58,11.08,16.78,13.27,8.63
470370107013,107.01.3,5.57,12.35,10.46,9.82,9.79,4.27,3.65,6.67,3.63,7.23,4.67,7.37,3.86,5.89,4.69,7.61
470370107014,107.01.4,6.54,5.95,6.54,7.72,11.28,8.3,4.15,4.74,6.51,5.92,7.41,12.09,8.49,7.18,3.97,3.85
470370107021,107.02.1,5.48,10.25,9.68,9.42,15.19,9.74,7.28,5.98,10.58,8.91,8.44,10.71,13.51,9.57,10.25,9.42
470370107022,107.02.2,2.95,2.38,1.93,2.61,2.84,3.75,2.84,3.18,3.98,3.75,2.94,2.69,3.79,2.65,1.54,3.05
470370108011,108.01.1,3.09,4.64,4.48,4.15,3.64,5.04,1.92,2.97,3.15,1.23,3.26,3.69,2.95,1.12,1.41,1.84
470370108012,108.01.2,0,7.97,1.99,5.95,19.8,27.67,13.81,21.65,17.68,23.53,11.21,10.71,22.22,8.2,14.17,12.12
470370108013,108.01.3,4.55,4.09,12.32,7.04,7.8,8.07,5.4,8.88,8.92,8.71,8.75,5.94,9.77,5.92,6.46,8.95
470370108021,108.02.1,8.85,5.77,6.6,5.08,3.17,1.77,3.05,4.27,1.68,3.29,1.21,5.5,1.54,2.25,0.73,2.52
470370108022,108.02.2,1.3,1.28,0,0.62,1.84,0.6,1.19,0,0,1.14,1.13,1.69,2.23,0,1.1,1.64
470370108023,108.02.3,3.63,5.85,6.81,5.51,3.21,8.32,8.09,1.97,0,3.74,2.69,5.16,6.61,3.18,1.53,1.48
470370109011,109.01.1,7.71,4.85,8.15,15.75,18.15,10.42,6.82,16.38,12.69,13.16,10.04,9.6,14.71,13.68,11.45,25.31
470370109012,109.01.2,9.74,7.91,7.72,9.04,10.29,14.37,1.4,2.75,8.06,5.26,11.02,14.89,12.9,3.04,1.92,1.82
470370109013,109.01.3,2.27,4.46,12.1,5.42,9.63,10.55,7.28,8.21,13.17,3,2.83,13.35,6.75,8.02,6.11,3.65
470370109031,109.03.1,4.93,3.95,8.07,3,6.13,12.54,8.42,14.78,10.09,14.22,14.02,17.18,9.92,8.56,8.04,7.14
470370109032,109.03.2,9.2,9.57,7.77,10.6,11.51,15.25,8.26,15.22,8.26,8.4,16.04,18.13,16.87,9.9,9.16,9.61
470370109033,109.03.3,5.38,6.82,9.23,12.11,12.56,17.34,11.53,11.49,7.64,7.14,12.25,17.34,8.71,8.36,8.03,8.09
470370109041,109.04.1,2.42,2,6.77,5.6,3.92,4.67,3.11,3.57,3.46,3.11,5.53,8.56,10.23,4.4,5.41,5.27
470370109042,109.04.2,4.16,1.38,5.04,2.73,4.99,4.96,3.14,2.68,5.34,7.08,3.85,4.56,6.84,7.42,3.8,1.11
470370110011,110.01.1,5.18,3.88,3.23,8.39,6.77,6.45,6.77,4.83,9.33,9,8.18,9.56,10.57,7.11,4.65,7.69
470370110012,110.01.2,11.66,9.74,18.56,8.08,11.79,10.1,10.63,8.68,10.44,9.73,15.56,14.23,18.29,16.28,12.15,9.29
470370110013,110.01.3,11.63,7.42,17.29,6.56,6.47,9.58,5.04,9.33,8.59,9.7,6.37,11.09,11.7,7.67,6.89,4.74
470370110014,110.01.4,9.67,3.97,4.69,2.31,7.57,9.7,5.88,7.25,5,4.93,6.8,8.55,2.55,6.17,4.19,2.91
470370110015,110.01.5,18.95,11.74,16.35,9.57,16.34,33.43,7.42,5.81,6.39,9.03,6.68,15.45,18.63,7.2,6.38,6.18
470370110021,110.02.1,10.73,5.2,0,0,4.76,4.63,4.5,4.38,4.27,0,0,0,3.51,0,3.17,6.06
470370110022,110.02.2,13.07,10.35,10.37,5.61,10.67,8.54,3.91,7.38,4.98,6.33,6.63,10.38,10.12,9.66,5.36,3.56
470370127011,127.01.1,3.27,3.26,5.43,2.17,5.41,5.93,7.53,2.15,4.82,9.63,4.11,7.4,7.6,6.87,3.54,1.71
470370127012,127.01.2,5.04,4.21,6.73,6.53,9.27,8.43,6.75,4.64,5.92,4.02,6.94,8.49,8.6,11.47,8.44,4.7
470370127013,127.01.3,0.9,1.78,1.75,3.45,4.26,3.36,2.48,3.26,1.61,0,3.08,1.5,2.91,2.12,0,2.68
470370127014,127.01.4,5.68,1.39,5.46,8.04,2.63,11.63,2.54,4.99,0,8.43,0,6.64,5.32,5.12,1.97,2.86
470370127021,127.02.1,2.48,4.8,5.81,4.51,4.37,3.18,8.26,8.03,4.89,4.76,3.59,4.25,4.84,2.3,2.93,8.39
470370127022,127.02.2,8.68,9.26,8.42,13.81,7.48,7.37,4.62,9.77,5.78,7.59,8.63,14.43,12.32,13.74,8.95,4.92
470370128011,128.01.1,3.69,3.62,4.75,4.67,9.2,5.66,8.91,7.68,5.4,6.38,1.01,4.79,4.57,2.62,3.34,0.8
470370128012,128.01.2,8.14,6.74,7.57,6.9,7.76,7.86,1.59,3.22,8.97,1.65,4.8,9.3,9.02,6.57,1.42,3.45
470370128013,128.01.3,5.88,1.15,3.36,7.66,5.35,11.51,3.07,3.01,2.94,2.88,3.63,11.17,7.35,11.66,6.67,4.96
470370128014,128.01.4,1.75,0.74,2.44,1.21,0.96,3.31,1.87,1.62,1.37,1.36,2.77,2.12,1.92,3.18,4.5,4.59
470370128021,128.02.1,2.89,5.61,3.4,8.6,3.86,3.75,5.48,7.72,4.05,3.95,6.09,7.61,4.27,5.76,3.08,3.54
470370128022,128.02.2,4.17,1.85,3.33,4.55,5.56,3.85,5.95,3.33,3.13,3.92,4.75,1.84,5.36,11.27,5.06,4.1
470370128023,128.02.3,4.95,6.85,12.71,11.86,3.7,10.45,6.58,4.67,4.44,1.41,5.41,3.9,10,7.23,9.3,8.99
470370128024,128.02.4,0,11.62,6.13,12.98,0,7.35,7.87,8.47,0,0,0,9.38,0,8.82,8.57,41.67
470370132011,132.01.1,4.39,3.98,4.76,3.16,4.72,4.7,0,1.17,3.49,1.54,2.29,2.26,1.86,3.3,2.17,0.71
470370132012,132.01.2,7.07,3.96,9.71,7.62,8.41,6.42,4.5,3.54,3.48,4.27,2.4,3.76,2.13,2.68,1.91,1.21
470370132021,132.02.1,2.61,4.2,3.25,7.09,7.63,6.67,4.32,4.9,4.08,4.64,5.17,5.67,6.15,3.01,1.76,2.87
470370132022,132.02.2,7.9,3.62,8.61,5.96,8.78,10.06,5.17,2.77,6.36,3.13,4.8,6.82,3.75,2.85,1.99,1.56
470370132023,132.02.3,1.76,6.12,3.48,3.45,6.01,5.97,3.39,2.53,4.19,4.17,3.25,2.37,5.41,7.54,2.21,2.16
470370136011,136.01.1,5.16,12.04,11.58,12.47,15.19,11.61,8.27,7.44,7.21,16.13,9,8.35,8.74,4.05,3.5,3.94
470370136012,136.01.2,9.66,3.83,2.23,6.26,6.4,7.72,8.5,6.2,8.25,12.99,9.34,14.34,10.92,4.98,9.61,7.73
470370136013,136.01.3,10.35,3.57,0.41,2.56,3.1,4.61,3.84,4.51,5.77,4.95,2.18,3.79,8.6,7.47,6.89,9.47
470370136014,136.01.4,4.17,4.47,7.15,3.28,6.56,7.16,4.18,5.37,5.37,3.58,4.1,7.2,8.2,7.23,9.02,6.45
470370136021,136.02.1,2.24,0.95,3.55,2.17,2.92,1.27,0.69,0.76,0,2.83,3.74,3.72,6.45,2.74,4.54,12.61
470370154011,154.01.1,14.73,13.91,13.02,15.08,9.45,10.71,15.54,8.17,6.69,0,7.82,9.46,5.5,4.45,2.59,3.36
470370154012,154.01.2,0,10.2,28.04,17.24,0,7.46,13.99,19.74,0,11.76,5.61,10.71,15.38,4.92,4.72,4.55
470370154013,154.01.3,1.61,4.17,3.04,3.45,3.84,5.14,2.73,3.11,2.6,0.85,1.62,3.11,1.87,1.08,3.47,1.34
470370154021,154.02.1,2.91,7.2,1.43,2.82,4.2,5.54,1.37,4.08,6.73,5.33,1.29,12.45,1.2,4.67,4.53,0
470370154022,154.02.2,0,3.36,11.78,10.14,10.17,5.1,10.24,3.42,1.72,5.17,0,3.19,4.62,8.91,0,4.17
470370154023,154.02.3,12.46,3.11,2.33,2.33,10.07,13.15,6.95,7.71,6.93,5.38,6.08,14.25,2.96,8.78,3.61,5.71
470370154024,154.02.4,9.39,5.85,8.59,7.73,11.44,15.65,5.56,8.39,11.25,12.26,10.64,10.03,9.88,5.63,7.49,4.08
470370154025,154.02.5,3.75,3.52,0,0,11.94,0,5.42,5.18,4.96,4.76,6.77,0,6.12,1.95,3.73,1.79
470370154041,154.04.1,11.51,13.21,16.7,14.15,21.12,22.57,6.54,10.3,9.73,22.08,8.31,5.8,8.68,5.77,7.81,10.66
470370154042,154.04.2,10.86,13.75,17.35,8.67,14.44,14.43,5.05,5.04,10.08,9.35,10.63,13.95,17.18,6.09,8.01,7.24
470370154043,154.04.3,1.09,3.28,1.1,1.47,1.11,2.61,2.25,1.51,1.52,1.91,1.11,2.15,1.74,1.69,0.98,1.27
470370154051,154.05.1,2.27,5.11,7.04,4.76,4.61,8.92,6.17,8.98,5.23,3.39,5.44,6.29,7.09,3.92,2.84,3.67
470370154052,154.05.2,13.22,7.97,9.55,7.27,9.36,6.37,10,5.28,5.94,5.56,4.32,5.48,4.58,4.58,3.39,3.64
470370155011,155.01.1,2.63,1.89,1.41,2.09,3.23,3.43,3.17,2.92,1.11,2.87,1.94,0.63,1.45,1.42,0.79,1.17
470370155012,155.01.2,2.7,0,4.65,4.35,8.16,5.77,1.82,8.62,3.28,4.69,0,0,2.92,1.43,0,0
470370155013,155.01.3,2.52,2.31,5.43,5.19,4.44,2.36,3.17,2.8,1.63,2.42,3.24,3.26,3.44,3.62,2.82,3.33
470370155021,155.02.1,7.12,3.24,6.91,6.04,6.26,4.97,2.81,6.06,4.11,3.68,4.24,2.07,6.71,3.19,1.76,2.68
470370155022,155.02.2,4.79,4.82,6.93,6.97,4.91,7.77,5.69,5.01,5.04,7.25,6.96,5.36,7.1,5.6,3.61,2.33
470370155023,155.02.3,1.96,4.59,3.28,3.29,3.29,1.98,0.66,4.62,1.32,4.64,3.17,1.82,3.5,2.24,1.08,1.56
470370156091,156.09.1,3.09,2.41,2.07,3.47,3.83,3.5,5.27,3.88,2.48,4.63,5.3,4.21,2.79,2.08,2.41,1.71
470370156092,156.09.2,4.87,2.44,2.16,2.85,2.48,2.57,1.46,3.17,2.83,2.52,1.49,1.56,1.72,2.26,1.32,2.24
470370156093,156.09.3,0,4.55,4.35,4.17,4,0,3.7,3.57,6.9,3.33,2.59,2.11,0,0,1.36,1.22
470370156101,156.10.1,1.34,1.6,0.79,1.58,1.31,2.61,1.04,1.81,1.55,2.06,0.25,1.97,1.69,0.47,2.32,2.27
470370156102,156.10.2,4.98,4.66,2.92,5.49,10.39,3.69,5.85,5.58,4.26,6.12,1.89,4.4,4.12,2.32,2.92,1.38
470370156103,156.10.3,5.32,4.05,4.26,4.75,6.13,6.95,4.49,3.9,3.83,5.3,5,4.64,5.09,3.13,4.18,3.98
470370156121,156.12.1,0,5.61,2.52,1.76,2.78,4.88,0,2.19,1.17,2.5,4.75,9.06,2.16,3.1,0,0.95
470370156122,156.12.2,2.91,3.06,3.49,3.63,7.9,5.95,6.68,7.23,9.91,11.52,14.61,13.73,9.21,6.75,10.55,10.95
470370156123,156.12.3,3.01,7.65,21,10.12,6.33,4.31,2.11,2.07,5.32,5.96,5.01,6.19,3.54,4.69,3.71,3.59
470370156124,156.12.4,3.42,6.36,7.62,10.12,8.46,6.75,9.35,10.13,7.72,8.5,9.84,13.35,5.49,3.65,3.48,2.37
470370156131,156.13.1,2.53,3.67,3.65,3.05,5.3,4.89,3.18,2.79,2.77,3.49,2.51,5.09,2.75,3.7,2.97,2.1
470370156132,156.13.2,4.67,3.05,0,1.47,5.76,1.41,5.55,1.36,6.69,5.26,2.55,7.44,4.82,0,2.28,1.11
470370156133,156.13.3,0,12.89,6.74,14.14,14.87,31.35,0,35.15,46.77,30,9.84,0,28.57,9.38,9.23,0
470370156134,156.13.4,6.89,5.68,7.64,7.38,10.68,8.16,3.29,3.32,3.68,3.04,3.91,5.35,8.21,9.71,5.41,4.14
470370156141,156.14.1,10.39,2.6,3.25,2.6,2.6,5.19,5.19,3.25,4.55,3.9,5.02,3.04,2.94,3.99,2.21,1.08
470370156142,156.14.2,4.44,4.38,4.94,3.65,4.41,5.54,3.71,4.25,3.24,4.52,4.02,4.45,2.42,1.68,2.63,1.28
470370156151,156.15.1,7.66,7.5,6.8,4,6.54,8.21,1.51,1.23,2.67,2.14,2.25,3.84,5.48,4.06,3.14,2.65
470370156152,156.15.2,4.43,6.36,3.2,7.09,5.84,9.15,5.26,5.96,8.67,6.71,6.54,11.49,9.35,6.09,5.95,5.23
470370156171,156.17.1,6.05,4.07,8.2,6.2,14.58,14.71,21.19,0,6.47,8.7,12.46,7.95,5.71,5.49,1.76,3.39
470370156172,156.17.2,0.73,0.76,2.41,5.08,6.28,5.71,2.03,4.35,4.68,3.8,4.83,4.62,7.73,3.18,6.11,0.98
470370156181,156.18.1,7.1,7.06,5.62,6.98,4.17,11.05,5.49,2.73,10.87,0,5.15,6.15,5.88,5.64,7.58,3.13
470370156182,156.18.2,5.67,5.8,2.69,6.61,9.01,10.96,5.91,11.5,9.93,11.46,6.09,15.15,11.17,6.44,2.58,3.48
470370156183,156.18.3,6.58,6.29,3.01,5.78,16.67,13.37,12.89,4.98,7.21,0,6.62,8.39,6,5.73,1.83,7.02
470370156184,156.18.4,8.64,12.3,15.33,11.11,13.98,14.58,7.07,7.19,4.13,7.41,5.34,7.14,9.09,6.91,6.68,4.73
470370156191,156.19.1,0,7.94,0,4.95,4.17,14.39,3.16,25.42,5.1,4.65,12.95,18.12,5.66,1.78,3.35,3.17
470370156192,156.19.2,5.18,9.71,4.57,8.62,4.08,7.75,11.07,10.56,10.1,3.23,6.25,9.09,5.88,8.57,11.11,5.41
470370156193,156.19.3,12.61,1.52,3.92,5.75,3.08,5.56,6.75,4.65,2.15,2.67,5.04,1.19,1.7,0.54,1.55,1.48
470370156201,156.20.1,8.49,3.11,5.73,2.03,4.03,3.01,1.33,0.8,6.51,3.31,3.24,1.91,4.68,2.45,0.9,1.47
470370156202,156.20.2,6.98,4.87,6.93,6.91,8.49,13.27,4.12,8.15,6.85,3.42,4.39,3.53,5.78,3.29,2.86,2.46
470370156203,156.20.3,5.57,10.76,13,6.71,11.39,1.58,12.25,9.67,5.07,4.93,5.41,11.04,6.88,4.82,2.91,4.49
470370156221,156.22.1,0,5.26,0,0,0,5.26,0,0,0,5.26,5,0,0,4.35,4.17,0
470370156222,156.22.2,4.74,4.65,4.56,2.76,7.45,7.65,4.25,5.46,7.89,4.35,7.19,11,7,8.68,3.68,3.83
470370156231,156.23.1,5.57,7.49,9.84,6.73,12.97,9.08,3.82,4.78,7.05,11,10.27,10.63,7.21,6.58,4.55,3.09
470370156232,156.23.2,7.83,3.37,0.7,1.44,3,8.55,4.85,6.73,12.29,12.84,8.42,10.1,13,5.39,3.16,7.14
470370156241,156.24.1,3.3,4.68,4.59,1.73,7.47,6.67,3.93,4.18,4.74,4.35,3.89,6.35,4.74,2.69,2.61,2.27
470370156242,156.24.2,4.01,1.36,3.09,5.04,6.61,6.47,3.23,3.96,4.39,5.95,3.61,4.77,3.85,1.66,1.16,3.32
470370156251,156.25.1,5.14,3.8,4.98,3.68,6.04,7.14,3.52,4.05,2.28,7.87,3.24,6.77,9.55,2.91,4.23,0.91
470370156252,156.25.2,1.91,5.42,8.02,7.93,2.62,5.77,4.03,3.43,2.91,2.22,2.83,3.62,3.91,1.05,2.21,2.72
470370156261,156.26.1,3.39,3.35,2.31,3.28,5.22,4.33,2.49,2.88,4.2,4.16,2.76,4.37,2.52,2.35,1.21,1.43
470370156262,156.26.2,4.42,3.09,4.2,3.33,3.88,3.55,2.27,2.46,2.75,2.24,2.04,2.98,2.66,2.28,3.38,3
470370156271,156.27.1,5.91,11.36,9.58,7.92,6.37,7.39,3.58,1.15,3.36,4.35,5.21,4,9.62,4.63,1.79,0.86
470370156272,156.27.2,0,10.49,14.97,26.18,18.6,10.46,5.7,12.2,8.04,14.93,6.96,11.74,8.59,3.47,5.48,4.17
470370156281,156.28.1,3.74,6.32,4.07,15.44,12.8,14.18,3.62,6.83,7.16,16.01,8.77,8.29,10.9,5.38,4.97,4.58
470370156282,156.28.2,6.23,6.15,6.24,7.65,6.45,4.72,4.41,3.29,5.79,6.3,5.1,5.85,6.18,4.64,5.85,8.58
470370156291,156.29.1,2.77,1.9,5.68,3.6,4.1,7.48,2.71,8.27,6.73,3.52,3.03,4.57,4.77,2.74,5.51,5.37
470370156292,156.29.2,3.67,3.85,2.99,2.16,4.36,5,2.63,3.99,6.44,9.14,6.61,6.13,4.73,3.49,3.52,2.65
470370156293,156.29.3,7.57,7.72,3.31,0.8,7.72,7.1,5.43,5.62,6.13,6.95,10.03,8.15,9.92,4.39,4.58,5.17
470370156301,156.30.1,0,12.73,0,16.14,6.82,17.72,26.05,18.64,4.21,0,14.37,10.11,6.35,9,2.84,2.7
470370156302,156.30.2,5.72,0,0,2.6,1.07,0.9,2.35,2.08,4.34,3.93,3.17,3.24,1.41,2.91,2.13,2.64
470370156311,156.31.1,9.02,3.95,5.27,22.14,10.07,9.23,9.74,12.44,9.5,7.92,7.57,8.16,4.35,0.84,4.02,4.65
470370156312,156.31.2,4.99,7.13,4.98,11.06,11.94,12.66,5.8,6.12,8.52,10.6,4.23,9.98,5.64,2.38,4.01,3.77
470370156313,156.31.3,0,3.15,0,2.47,6.67,8.1,1.86,10.31,7.99,8.96,5.66,4.04,2.56,3.67,7.03,4.49
470370158021,158.02.1,3.94,4.03,3.79,6.59,5.89,4.44,2.19,5.42,7.3,7.51,7.8,7.13,9.32,6.02,2.6,6.06
470370158022,158.02.2,13.44,8.73,13.25,10.12,7.04,6.49,2.48,8.37,20.04,10.19,10.52,10.36,9.28,7.32,3.16,0.89
470370158023,158.02.3,7.49,6.22,8.94,6.37,9.89,8.55,5.38,4.3,3.98,4.98,4.61,6.26,10.14,10.83,7.76,7.98
470370158024,158.02.4,4.51,2.75,4.68,3.82,3.41,2.98,3.55,2.07,2.64,1.62,1.58,4.1,0.5,3.89,2.85,8.33
470370158031,158.03.1,3.13,2.63,2.85,2.78,2.86,3.6,1.01,2.09,0.54,3.73,5.36,6.95,6.7,3.41,6.22,5.99
470370158032,158.03.2,1.14,3.1,1.98,0.81,5.37,5.92,3.46,3.1,3.63,6.05,3.17,7.93,9.87,11.72,6.12,5.18
470370158041,158.04.1,3.8,4.81,4.36,3.09,6.73,5.26,2.61,3.78,2.37,3.92,5.21,5.32,6.36,6.08,3.63,4.11
470370158042,158.04.2,4.77,4.67,6.27,5.32,5.65,6.43,3.68,4.01,3,5.59,6.7,7.93,5.93,4.85,4.93,4.44
470370158043,158.04.3,1.41,1.15,1.17,0.89,1.21,2.16,0.31,1.92,1.63,1,0.33,1,1.33,1.99,0.66,1.65
470370174011,174.01.1,6.38,3.18,2.88,4.6,5.16,9.16,3.71,3.13,5.11,5.95,5.31,7.73,4.63,2.96,2.92,1.57
470370174012,174.01.2,3.16,9.02,7.22,5.35,2.73,6.96,2.13,2.9,11.12,9.09,21.61,11.74,7.22,4.27,1.4,4.83
470370174021,174.02.1,5.01,2.4,3.91,5.08,4.67,2.45,1.18,1.71,1.29,2.14,2.71,4.21,3.71,6.21,3.06,3.1
470370174022,174.02.2,1.1,3.29,1.09,3.25,5.38,1.07,5.31,4.22,3.14,0,1.02,2.98,3.88,0.95,0.93,2.73
470370174023,174.02.3,2.82,4.13,4.03,1.31,2.56,5.01,0,6,2.35,3.45,6.45,0,6.67,0,0,0.81
470370174024,174.02.4,3.79,2.59,3.44,2.72,2.51,6.29,2.06,3.32,1.24,1.92,2.87,0.64,0.95,1.58,3.48,1.26
470370174025,174.02.5,3.25,3.43,0.76,2.08,3.02,2.07,2.81,2.8,2.05,2.04,1.64,1.25,0.18,0.52,0,0.17
470370177011,177.01.1,0,0,1.88,0,0,3.73,1.86,0,0,0,0,3.41,1.64,0,0,0
470370177012,177.01.2,2.31,2.29,1.14,0,0,0,0,1.09,0,0,0,1.96,0,0,0,0.83
470370177021,177.02.1,0,1.11,1.68,1.12,0,0.57,0,0,1.16,1.16,0.56,0,0,1.98,0.48,0.92
470370177022,177.02.2,1.12,0,1.61,2.1,0,0.5,0,0,1.42,1.39,0,0.43,0.82,0.4,0.38,0
470370177023,177.02.3,0,0,1.5,0,1.54,0,0,0,3.24,0,0,0,0,0,0,0
470370179011,179.01.1,0.3,0.6,1.8,0,1.47,0.88,0.29,0.29,0,0.57,0.28,0.8,0.26,0,0.24,0.48
470370179012,179.01.2,0.41,0.82,2.05,0.41,2.87,0.41,1.24,0.41,0.83,0.83,0.39,0.37,1.04,0,0.31,0.6
470370179013,179.01.3,3.91,3.89,0,0,0,0,0,0,0,0,0,1.72,0,0,0,0
470370179014,179.01.4,3.16,1.62,3.34,1.72,5.31,3.65,1.88,1.95,0,4.17,5.9,1.86,3.54,0,1.61,0
470370179021,179.02.1,1.71,1.77,1.84,0,1.99,0,0,0,0,2.5,0,0,0,0,0,1.96
470370179022,179.02.2,0.26,0,0.75,0.25,1.22,0.72,0,0,0.23,0.23,0,0.65,0,0.41,0,0.39
470370179023,179.02.3,1.02,0,0.94,2.73,0.44,0,0,0.4,0.77,0.37,0.36,1.06,0,0.33,0,0
470370181011,181.01.1,1.52,3.07,6.18,1.87,3.45,5.69,2.23,1.6,1.62,0.65,0.96,2.54,0.63,0.62,0.61,0.91
470370181012,181.01.2,2.09,2.98,3.13,3.29,4.04,3.29,3.59,1.35,3.75,4.2,4.3,3.81,2.03,2.15,1.7,1.68
470370181013,181.01.3,4.2,7.58,8.91,12.49,10.77,12.02,5.09,11.06,7.62,5.73,5.96,5.86,5.77,5.84,3.63,3.73
470370181021,181.02.1,6.93,10.96,14.61,3.98,9.52,18.25,14.01,10.1,14.59,6.25,10.45,8.57,4.11,0,2.53,2.44
470370181022,181.02.2,2.03,1.76,1.07,0.84,2.04,0.6,0.58,0.95,1.68,0,0.89,1.04,0.51,0.67,0.33,0.16
470370181023,181.02.3,6.02,0,0,0,0,0,0,0,0,4.55,8.57,4.05,3.85,0,3.49,0
470370182011,182.01.1,0.94,0,1.86,2.77,0,1.82,1.81,0.9,1.8,0,0,0,0,1.55,0,0.72
470370182012,182.01.2,0,0,2.43,0,0,0,0,4.03,1.95,7.55,0,0,1.64,1.57,0,1.45
470370182013,182.01.3,0,0,7.59,7.14,0,3.19,0,2.88,0,0,2.53,0,2.35,0,0,0
470370182021,182.02.1,0,0,0,0.54,1.16,0.63,0,3.03,0,0,0,0.88,0.85,0,0,0.77
470370182022,182.02.2,3.59,2.95,3.52,3.3,4.1,2.2,2.82,3.47,2.25,2.96,1.99,3.61,2.36,1.52,1.78,2.18
470370182023,182.02.3,3.89,3,3.56,3.81,2.15,1.46,2.23,1.13,1.75,1.38,0.73,1.54,1.51,2.08,0.68,1.25
470370182031,182.03.1,0,0,0,0,0,0,6.54,0,0,0,0,0,0,0,0,0
470370182032,182.03.2,0,0,5.59,0,0,0,0,0,0,0,0,0,0,0,0,0
470370183011,183.01.1,5.3,2.54,7.3,0,2.25,0,0,4.03,3.9,7.55,1.79,1.7,3.25,1.55,1.49,1.43
470370183012,183.01.2,5.83,1.89,1.83,0,0,1.69,3.31,1.61,1.57,0,4.4,1.4,1.34,0,2.47,1.19
470370183013,183.01.3,7.42,6.37,8.68,5.84,3.92,5.74,2.99,2.37,3.92,4.7,5.9,4.41,3.96,2.61,1.49,1.74
470370183014,183.01.4,14.03,5.79,3.72,3.6,5.22,5.05,4.89,4.75,0,0,9.98,1.36,3.92,0,1.21,3.49
470370183021,183.02.1,0,1.77,1.72,1.67,3.25,0,1.54,3,1.46,2.86,2.72,3.9,1.24,2.38,0,1.1
470370184011,184.01.1,2.77,2.28,4.1,5.26,3.87,3.56,2.86,5.23,5.13,4.42,5.07,4.17,3.32,3.05,1.93,3.07
470370184012,184.01.2,4.7,1.7,0.85,2.95,0.42,1.67,1.66,0.83,4.12,1.64,3.52,1.12,1.8,3.46,2.33,3.53
470370184013,184.01.3,6.13,3.44,3.33,2.69,2.08,4.21,2.29,2.07,4.49,3.46,2.21,1.44,2.54,2.21,2.03,2.78
470370184014,184.01.4,3.12,0.66,2.84,1.53,3.31,3.6,0,3.28,1.22,1.39,0,1.28,2.47,2.38,1.15,2.22
470370184015,184.01.5,4.62,5.25,2.89,3.56,0.83,1.54,0,0.68,0.64,1.22,1.78,0.58,0,1.09,1.07,0.52
470370184041,184.04.1,2.2,1.62,2.25,2.07,1.25,1.48,1.07,1.08,1.1,0.89,2.09,0.99,0.94,1.08,0.51,1.31
470370184042,184.04.2,0,1.17,0.74,0,0,1.29,0.93,1.19,0,0,0.27,0,0,0,0.49,0
470370184043,184.04.3,5.04,9.66,4.01,4.58,4.23,3.89,0,2.64,6.09,5.75,7.48,5.47,6.34,4.04,3.46,6.65
470370184051,184.05.1,0,3.92,1.92,0,1.85,7.27,0,5.26,0,0,1.62,1.55,4.48,0,1.38,1.33
470370184052,184.05.2,2.81,1.41,4.26,2.85,5.02,2.16,1.45,3.64,4.39,2.94,0.71,2.07,3.36,1.96,1.9,1.23
470370184053,184.05.3,0,5.32,0,15.31,0,4.9,0,4.72,9.26,0,4.29,0,7.69,3.66,0,3.33
470370184071,184.07.1,3.89,0,3.49,6.64,0,0,8.68,0,2.67,0,2.45,0,6.74,0,4.15,6
470370184072,184.07.2,12.95,0,0,0,13.51,0,0,0,14.12,0,0,0,0,16.22,0,0
470370184081,184.08.1,0,0,0,5.81,5.5,5.22,4.97,0,9.08,8.7,0,3.95,3.77,0,0,0
470370184082,184.08.2,0,0,0,0,0,0,0,0,0,5.88,0,5.17,4.88,0,4.38,0
470370184091,184.09.1,0,0,2.62,0,1,0.89,3.24,1.48,0.68,0,0.6,1.16,1.68,0.54,1.04,1.01
470370184092,184.09.2,0,2.09,1.01,2.91,1.87,1.8,0.87,1.69,2.45,1.59,3.83,2.22,1.43,0.69,4.04,1.96
470370184101,184.10.1,2.04,1.88,1.55,1.56,2.09,2.8,1.41,1.95,1.07,1.07,1.76,1.55,2.72,1.84,0.49,1.13
470370184102,184.10.2,5.73,1.72,4.02,3.16,5.46,4.6,1.44,1.15,2.02,0.58,0.28,1.38,1.62,1.32,1.03,2.27
470370186011,186.01.1,0,3.82,3.66,0,0,0,0,0,0,0,0,0,0,0,0,0
470370186012,186.01.2,0,0,0,46.88,0,0,0,0,0,0,0,0,0,7.5,0,0
470370186021,186.02.1,0,0,0,0,0,3.23,3.13,0,2.94,2.86,0,0,0,2.26,0,0
470370186022,186.02.2,0,0,0,0,0,7.46,0,0,6.85,0,0,0,0,0,0,0
470370186023,186.02.3,0,0,6.85,0,0,6.58,0,6.41,12.66,12.5,0,0,5.26,0,0,0
470370186024,186.02.4,0,14.71,0,0,0,0,0,16.13,0,0,0,0,0,0,0,0
470370188011,188.01.1,2.68,0,0,0,0,0,0,0,0,0,0,0,0,0,0,0
470370188012,188.01.2,0,0,0,0,0,0,0,0,0,0,0,0,0,0,4.72,0
470370188013,188.01.3,7.43,1.9,3.37,3.62,3.56,1.75,1.15,2.35,1.99,2.05,1.98,2.09,1.18,1.31,0.8,1.85
470370188014,188.01.4,0,3.73,0,0,0,0,0,3.82,3.83,0,0,0,0,0,0,0
470370188015,188.01.5,6.88,4.63,0,7.08,0,4.81,0,0,4.95,0,0,2.27,4.35,0,0,0
470370188031,188.03.1,1.38,2.36,1.96,1.56,3.1,0.96,2.11,0.95,1.33,0.75,0.37,0.72,0.7,0.69,0.17,0.16
470370188032,188.03.2,5.37,0,3.94,10.44,9.34,2.82,2.57,4.73,2.19,2.04,1.91,0,0,0,7.61,4.35
470370188041,188.04.1,0,2.44,3.74,6.06,2.55,1.1,0.97,2.59,0,0.71,0.67,1.26,2.39,1.13,0,1.03
470370188042,188.04.2,10.64,25.42,42.25,12.05,21.05,23.36,0,19.08,17.48,29.03,15.31,8.74,19.44,5.31,0,2.44
470370189011,189.01.1,4.38,4.84,10.38,15,17.32,13.86,7.86,3.24,2.78,5.56,7.53,9.32,17.25,12.36,8.04,6.39
470370189012,189.01.2,1.05,0.71,2.52,1.09,2.21,2.62,1.14,2.3,1.55,1.57,2.64,2.54,1.05,0.34,1.3,0.31
470370189021,189.02.1,2.78,0.93,1.39,0.92,0,0.46,0.46,1.37,2.28,2.73,0,0.43,1.27,0.41,0.81,1.19
470370189022,189.02.2,0,2.82,0,2.65,0,2.49,4.83,2.35,4.57,0,0,2.08,2.02,1.96,0,0
470370189023,189.02.3,3.49,2.79,5.56,2.08,6.23,3.45,4.14,2.75,2.06,0.68,1.36,8.72,11.3,0.66,3.91,3.87
470370189041,189.04.1,8.77,5.65,5.46,2.65,5.13,0,2.42,0,2.28,2.22,0,10,1.9,0,0,0
470370189042,189.04.2,3.55,2.77,2.15,5.8,7.31,3.64,3.02,4.67,4.81,4.64,2.86,4.24,1.31,2.77,1.46,6.07
470370189043,189.04.3,2.15,2.16,2.9,4.37,3.66,4.42,2.22,2.23,2.99,0,1.48,2.91,1.43,3.51,4.15,3.4
470370189051,189.05.1,1.33,0,0.34,0.4,1.42,0,0,0,0,40,0,0,0,0,0,0
470370189052,189.05.2,3.28,3.23,2.92,5.33,5.47,2.73,1.26,2.59,3.7,3.35,3.1,5.16,2.36,3.65,1.71,1.79
470370189053,189.05.3,5.8,10.11,11.78,12.17,10.15,10.55,2.88,5.66,8.34,14.75,9.62,9.41,5.63,5.01,0,2.88
470370190031,190.03.1,7.28,7.12,5.52,4.73,3.93,2.71,2.93,2.95,7.63,4.69,7.24,7.83,8,2.47,3.51,3.6
470370190032,190.03.2,2.28,2.29,2.3,1.54,0.78,2.34,1.56,0,0,0,0,0,0,0,0,0.68
470370190033,190.03.3,3.69,1.45,4.26,2.09,2.74,2.02,2.65,3.9,4.48,3.14,3.64,2.92,1.69,1.09,1.06,0
470370190034,190.03.4,14.47,9.4,10.5,8.11,5.57,4.29,5.86,5.31,10.47,8.97,11.73,12.03,9.72,8.75,6.54,6.67
470370190041,190.04.1,9.1,12.41,8.86,5.27,14.24,10.98,8.69,12.42,10.12,7.12,4.84,7.71,6.78,3.11,4.34,3.66
470370190042,190.04.2,6.72,3.31,8.95,2.4,5.51,4.65,0.76,2.26,4.44,5.84,3.48,3.32,1.27,2.43,0,0.56
470370190043,190.04.3,7.44,1.65,5.49,4.11,3.56,6.28,3.82,3.54,7.06,2.71,3.7,2.58,2.26,0.98,0.72,0.47
470370190051,190.05.1,7.54,4.69,9.74,7.51,7.99,3.93,3.31,4.28,5.37,6.34,6.22,4.99,7.91,3.41,3.53,4.74
470370190052,190.05.2,30.46,35.23,51.87,23.6,35.47,34.52,18.79,19.28,22.56,18.35,33.24,38.44,39.2,27.62,30.22,12.06
470370190061,190.06.1,1.02,1.34,2.64,0.98,1.92,2.21,2.18,2.46,1.82,2.99,1.16,1.69,1.37,2.14,1.3,1.02
470370190062,190.06.2,2.65,2.99,4.33,2,2,3.01,1.01,1.68,0.67,3.37,1.25,2.64,1.38,1.3,0.98,0.47
470370190063,190.06.3,3.4,5.95,1.7,7.62,6.77,5.07,2.53,4.21,5.05,5.88,6.43,6.92,8.86,2.13,4.1,1.97
470370191051,191.05.1,0.92,1.86,0.62,1.89,1.59,1.28,0.65,1.63,0.33,1,0.98,0.96,0.94,0.92,1.2,0.59
470370191052,191.05.2,6.82,4.58,4.88,6.22,5.72,5.15,1.62,3.27,3.21,4.09,1.78,2.19,3.11,1.92,1.41,2.4
470370191053,191.05.3,1.63,1.63,1.62,1.62,1.61,0,1.6,7.99,4.78,9.52,3.07,2.97,2.88,1.4,4.06,0
470370191054,191.05.4,1.94,1.92,0,3.75,1.85,0,1.81,5.38,3.55,3.51,0,1.65,6.4,3.11,1.51,2.94
470370191061,191.06.1,1.81,2.35,2.75,2.8,2.18,1.28,1.35,2.65,2.39,1.37,1.72,1.22,1.2,1.63,0.89,1.93
470370191062,191.06.2,0.75,2.37,0,1.76,5.62,1,0,0,1.24,1.35,0,9.05,2.53,3.72,2.43,0
470370191063,191.06.3,1.47,0.79,0.86,0,3.09,4.58,2.58,1.48,1.73,2.08,4,1.92,0,0,1.72,3.33
470370191081,191.08.1,2.34,2.74,2.82,4.7,1.86,5.74,2.36,3.25,2.1,3.03,2.94,6.13,2.78,3.48,1.13,1.1
470370191082,191.08.2,6.03,6.78,7.24,9.77,7.87,11.16,6.27,5.98,15.45,12.78,9.97,11.04,11.8,6.49,7.85,6.78
470370191091,191.09.1,2.5,5.04,6.34,6.39,9,5.18,5.87,7.88,7.28,4,1.93,6.8,2.39,4.04,2.79,3.78
470370191092,191.09.2,0,2.91,0,5.59,0,0,5.28,7.77,0,10,0,6.57,0,7.79,3.69,0
470370191093,191.09.3,5.43,4.59,6.35,8.6,7.74,6.93,2.24,2.72,5.3,6.7,5.94,3.81,1.38,1.77,2.14,2.07
470370191101,191.10.1,5.62,5.3,8.34,3.16,4.51,5.73,1.37,1.31,3.76,7.23,2.35,2.29,6.7,5.45,1.07,0
470370191102,191.10.2,3.93,3.86,5.05,4.96,6.1,2.4,0,3.48,4.57,5.62,2.2,3.23,2.11,0,2.02,2.97
470370191103,191.10.3,6.12,4.22,8.31,5.85,3.46,6.25,2.8,4.97,4.9,3.76,6.21,3.99,5.78,1.86,2.7,3.06
470370191111,191.11.1,5.58,8.73,9.82,9.45,11.18,5.94,5.75,8.57,9.04,9.31,4.45,6.02,10.18,6.19,4.9,3.08
470370191112,191.11.2,2.47,3.74,4.7,4.37,6.41,5.66,3.28,3.65,4.68,5.56,5.81,4.03,4.92,3.97,4.23,3.1
470370191113,191.11.3,4.93,4.64,1.46,5.54,2.63,10.03,8.37,6.87,3.29,5.26,5.02,2.88,4.59,2.64,3.38,1.63
470370191121,191.12.1,4.63,5.26,5.85,6.41,6.94,6.1,3.31,1.94,3.47,2.78,3.23,4.75,4.8,2.3,2.69,1.88
470370191141,191.14.1,2.28,0.53,1.63,2.32,4.46,1.2,1.48,2.46,1.54,2.8,1.86,2.13,1.24,2.21,0.87,1.34
470370191151,191.15.1,0,3.29,2.94,5.3,4.82,0,0,1.9,0,6.67,4.74,6,4.29,1.36,1.3,3.75
470370191161,191.16.1,3.37,3.33,2.96,3.47,4.18,3.39,2.51,3,3.99,4.26,4.86,5.45,2.77,1.68,1.75,1.71
470370191162,191.16.2,1.4,1.05,1.4,3.51,2.81,1.41,0.7,4.23,3.53,1.77,1.36,2.29,2.52,2.13,0,2.27
470370191171,191.17.1,0,2.03,5.12,2.94,6.44,17.22,6.21,6.6,8.66,9.6,6.74,11.27,6.64,7.55,4.18,4.55
470370191181,191.18.1,3.56,4.09,4.33,4.06,4.4,4.36,3.72,4.38,3.12,3.45,5.3,5.15,4.07,3.62,3.37,4.07
470370191182,191.18.2,1.7,1.81,2.6,2.1,1.52,3.33,3.67,3.07,1.16,2.67,7.32,8.99,4.17,2.91,3.64,8.55